<?xml version="1.0" encoding="UTF-8"?>
<configuration>
 
  <appender name="STDOUT" class="ch.qos.logback.core.ConsoleAppender">
    <layout class="ch.qos.logback.classic.PatternLayout">
      <!--<Pattern>%d{HH:mm:ss.SSS} [%thread] %-5level %logger{36} - %msg%n</Pattern>-->
      <Pattern>%-5level %logger{36} - %msg%n</Pattern>
    </layout>
  </appender>
   
  <logger name="logger.play" level="ERROR"/>
  <logger name="logger.application" level="ERROR"/>
  <!--<logger name="com.base22" level="TRACE"/>-->
  
  <root level="INFO">
    <appender-ref ref="STDOUT" />
  </root>
</configuration>
